Date;Open_Price_USJPY;High_Price_USJPY;Low_Price_USJPY;Close_Price_USJPY
17-Jul-2017;112.49;112.86;112.3;112.62
14-Jul-2017;113.26;113.57;112.24;112.5
13-Jul-2017;113.15;113.52;112.85;113.27
12-Jul-2017;113.92;113.96;112.9;113.13
11-Jul-2017;114.03;114.49;113.7;113.92
10-Jul-2017;113.96;114.29;113.84;114.03
07-Jul-2017;113.18;114.17;113.07;113.88
06-Jul-2017;113.25;113.46;112.87;113.2
05-Jul-2017;113.26;113.68;112.8;113.25
04-Jul-2017;113.36;113.46;112.71;113.26
03-Jul-2017;112.12;113.47;111.92;113.37
30-Jun-2017;112.16;112.59;111.71;112.35
29-Jun-2017;112.29;112.92;111.79;112.16
28-Jun-2017;112.34;112.41;111.81;112.28
27-Jun-2017;111.86;112.46;111.44;112.34
26-Jun-2017;111.1;111.93;111.1;111.83
23-Jun-2017;111.32;111.42;111.13;111.26
22-Jun-2017;111.34;111.44;110.92;111.32
21-Jun-2017;111.44;111.72;111.04;111.37
20-Jun-2017;111.5;111.78;111.28;111.42
19-Jun-2017;110.82;111.6;110.73;111.51
16-Jun-2017;110.9;111.41;110.62;110.84
15-Jun-2017;109.54;110.97;109.25;110.91
14-Jun-2017;110.05;110.34;108.81;109.56
13-Jun-2017;109.93;110.26;109.8;110.05
12-Jun-2017;110.35;110.43;109.6;109.92
09-Jun-2017;109.99;110.8;109.73;110.33
08-Jun-2017;109.8;110.38;109.36;109.97
07-Jun-2017;109.41;109.88;109.09;109.79
06-Jun-2017;110.44;110.51;109.2;109.4
05-Jun-2017;110.34;110.72;110.23;110.45
02-Jun-2017;111.33;111.71;110.3;110.4
01-Jun-2017;110.75;111.47;110.65;111.34
31-May-2017;110.83;111.22;110.45;110.75
30-May-2017;111.24;111.32;110.64;110.82
29-May-2017;111.3;111.46;111.14;111.24
26-May-2017;111.82;111.86;110.85;111.31
25-May-2017;111.47;111.94;111.46;111.82
24-May-2017;111.75;112.11;111.45;111.49
23-May-2017;111.29;111.85;110.84;111.77
22-May-2017;111.3;111.6;110.87;111.27
19-May-2017;111.47;111.69;111.02;111.26
18-May-2017;110.81;111.71;110.21;111.47
17-May-2017;113.11;113.12;110.76;110.8
16-May-2017;113.77;113.79;112.9;113.11
15-May-2017;113.18;113.85;113.09;113.77
12-May-2017;113.84;113.95;113.17;113.33
11-May-2017;114.28;114.36;113.44;113.84
10-May-2017;113.97;114.35;113.61;114.27
09-May-2017;113.24;114.32;113.11;113.98
08-May-2017;112.97;113.29;112.36;113.24
05-May-2017;112.44;112.81;112.06;112.71
04-May-2017;112.73;113.04;112.29;112.45
03-May-2017;111.98;112.77;111.93;112.73
02-May-2017;111.83;112.3;111.75;111.96
01-May-2017;111.29;111.92;111.18;111.83
28-Apr-2017;111.23;111.71;111.04;111.53
27-Apr-2017;111.05;111.59;110.99;111.25
26-Apr-2017;111.08;111.77;110.85;111.03
25-Apr-2017;109.75;111.18;109.57;111.08
24-Apr-2017;110.24;110.62;109.63;109.75
21-Apr-2017;109.31;109.42;108.85;109.07
20-Apr-2017;108.84;109.48;108.69;109.31
19-Apr-2017;108.4;109.17;108.35;108.85
18-Apr-2017;108.89;109.21;108.29;108.4
17-Apr-2017;108.66;109.05;108.11;108.89
14-Apr-2017;109.06;109.22;108.52;108.61
13-Apr-2017;109;109.39;108.7;109.08
12-Apr-2017;109.6;109.86;108.93;109
11-Apr-2017;110.92;110.95;109.58;109.6
10-Apr-2017;111.09;111.57;110.78;110.93
07-Apr-2017;110.79;111.36;110.11;111.05
06-Apr-2017;110.68;111.13;110.27;110.8
05-Apr-2017;110.74;111.44;110.51;110.68
04-Apr-2017;110.87;110.94;110.24;110.72
03-Apr-2017;111.38;111.58;110.82;110.87
31-mars-17;111.9;112.19;111.21;111.38
30-mars-17;111.03;111.94;110.91;111.89
29-mars-17;111.12;111.31;110.69;111.03
28-mars-17;110.65;111.19;110.15;111.12
27-mars-17;111.22;111.26;110.09;110.65
24-mars-17;110.93;111.48;110.6;111.33
23-mars-17;111.15;111.57;110.6;110.93
22-mars-17;111.69;111.79;110.71;111.14
21-mars-17;112.53;112.86;111.53;111.71
20-mars-17;112.69;112.89;112.44;112.55
17-mars-17;113.3;113.49;112.53;112.7
16-mars-17;113.35;113.54;112.89;113.3
15-mars-17;114.72;114.88;113.15;113.35
14-mars-17;114.86;115.19;114.49;114.73
13-mars-17;114.8;114.92;114.46;114.87
10-mars-17;114.93;115.5;114.62;114.74
09-mars-17;114.34;114.99;114.29;114.91
08-mars-17;113.96;114.74;113.58;114.32
07-mars-17;113.87;114.14;113.7;113.96
06-mars-17;114;114.13;113.53;113.87
03-mars-17;114.39;114.74;113.81;113.99
02-mars-17;113.72;114.59;113.66;114.38
01-mars-17;112.76;114.04;112.71;113.71
28-Feb-2017;112.69;112.88;111.67;112.75
27-Feb-2017;112.07;112.83;111.89;112.67
24-Feb-2017;112.6;112.95;111.91;112.18
23-Feb-2017;113.28;113.45;112.53;112.57
22-Feb-2017;113.69;113.72;112.88;113.27
21-Feb-2017;113.06;113.77;113.06;113.67
20-Feb-2017;112.83;113.23;112.75;113.07
17-Feb-2017;113.22;113.5;112.58;112.85
16-Feb-2017;114.14;114.33;113.06;113.2
15-Feb-2017;114.22;114.95;113.83;114.15
14-Feb-2017;113.72;114.49;113.21;114.25
13-Feb-2017;113.31;114.16;113.26;113.73
10-Feb-2017;113.22;113.85;112.84;113.19
09-Feb-2017;111.93;113.34;111.7;113.22
08-Feb-2017;112.35;112.54;111.61;111.93
07-Feb-2017;111.73;112.57;111.57;112.37
06-Feb-2017;112.39;112.77;111.6;111.71
03-Feb-2017;112.77;113.45;112.28;112.7
02-Feb-2017;113.24;113.36;112.03;112.8
01-Feb-2017;112.79;113.95;112.61;113.23
31-janv-17;113.73;113.96;112.04;112.78
30-janv-17;115.08;115.13;113.43;113.76
27-janv-17;114.51;115.37;114.37;115.06
26-janv-17;113.26;114.85;113.02;114.52
25-janv-17;113.77;113.98;113.01;113.27
24-janv-17;112.69;113.89;112.49;113.78
23-janv-17;114.35;114.43;112.66;112.68
20-janv-17;114.85;115.38;114.19;114.6
19-janv-17;114.62;115.61;114.37;114.86
18-janv-17;112.6;114.75;112.55;114.65
17-janv-17;114.18;114.28;112.58;112.62
16-janv-17;114.53;114.53;113.65;114.18
13-janv-17;114.7;115.44;114.18;114.51
12-janv-17;115.4;115.51;113.73;114.7
11-janv-17;115.77;116.85;114.23;115.4
10-janv-17;116.01;116.34;115.18;115.76
09-janv-17;116.89;117.52;115.96;116.01
06-janv-17;115.34;117.18;115.04;116.91
05-janv-17;117.24;117.43;115.2;115.34
04-janv-17;117.74;118.17;117.02;117.24
03-janv-17;117.53;118.6;117.19;117.74
02-janv-17;116.91;117.67;116.71;117.51
30-Dec-2016;116.53;117.19;116.02;116.87
29-Dec-2016;117.23;117.25;116.19;116.53
28-Dec-2016;117.39;117.81;117.03;117.24
27-Dec-2016;117.06;117.61;117.04;117.39
26-Dec-2016;117.36;117.38;116.97;117.07
23-Dec-2016;117.51;117.63;117.14;117.31
22-Dec-2016;117.55;117.87;117.23;117.51
21-Dec-2016;117.83;118.06;117.07;117.54
20-Dec-2016;117.07;118.24;116.95;117.84
19-Dec-2016;117.87;118.01;116.52;117.07
16-Dec-2016;118.17;118.42;117.44;117.98
15-Dec-2016;117.03;118.66;116.96;118.16
14-Dec-2016;115.16;117.38;114.74;117.03
13-Dec-2016;115.01;115.47;114.71;115.16
12-Dec-2016;115.22;116.12;114.82;115.02
09-Dec-2016;114;115.36;113.96;115.36
08-Dec-2016;113.71;114.36;113.11;114.01
07-Dec-2016;113.99;114.39;113.38;113.75
06-Dec-2016;113.84;114.18;113.46;113.98
05-Dec-2016;113.52;114.77;112.84;113.82
02-Dec-2016;114.06;114.21;113.29;113.54
01-Dec-2016;114.44;114.82;113.79;114.08
30-nov-16;112.38;114.53;112.02;114.44
29-nov-16;111.91;113.33;111.58;112.36
28-nov-16;113.03;113.11;111.32;111.92
25-nov-16;113.32;113.89;112.53;113.06
24-nov-16;112.48;113.53;112.34;113.29
23-nov-16;111.09;112.97;110.81;112.5
22-nov-16;110.8;111.35;110.23;111.12
21-nov-16;110.89;111.36;110.42;110.79
18-nov-16;110.09;110.94;109.76;110.91
17-nov-16;109.04;110.17;108.51;110.08
16-nov-16;109.17;109.75;108.76;109.06
15-nov-16;108.4;109.33;107.74;109.15
14-nov-16;106.53;108.54;106.51;108.41
11-nov-16;106.81;106.93;106;106.67
10-nov-16;105.65;106.94;104.95;106.81
09-nov-16;105.12;105.89;101.15;105.65
08-nov-16;104.44;105.2;104.27;105.14
07-nov-16;103.12;104.63;103.08;104.45
04-nov-16;102.96;103.35;102.81;103.12
03-nov-16;103.29;103.44;102.54;102.97
02-nov-16;104.12;104.17;102.99;103.29
01-nov-16;104.81;105.11;103.78;104.12
31-oct-16;104.68;105.22;104.24;104.81
28-oct-16;105.27;105.53;104.46;104.69
27-oct-16;104.45;105.34;104.27;105.28
26-oct-16;104.21;104.61;103.99;104.46
25-oct-16;104.17;104.87;104.09;104.22
24-oct-16;103.84;104.32;103.69;104.17
21-oct-16;103.92;104.2;103.5;103.8
20-oct-16;103.43;104.1;103.32;103.94
19-oct-16;103.84;103.94;103.15;103.44
18-oct-16;103.87;104.2;103.65;103.85
17-oct-16;104.05;104.39;103.76;103.89
14-oct-16;103.69;104.47;103.58;104.18
13-oct-16;104.21;104.62;103.32;103.68
12-oct-16;103.49;104.48;103.25;104.18
11-oct-16;103.59;104.07;103.14;103.5
10-oct-16;103.07;103.78;102.78;103.58
07-oct-16;103.92;104.03;102.84;102.9
06-oct-16;103.48;104.15;103.32;103.93
05-oct-16;102.87;103.66;102.65;103.49
04-oct-16;101.62;102.96;101.54;102.88
03-oct-16;101.35;101.65;101.19;101.61
30-sept-16;101.02;101.75;100.73;101.33
29-sept-16;100.67;101.84;100.62;101.01
28-sept-16;100.41;100.81;100.23;100.65
27-sept-16;100.31;100.98;100.07;100.43
26-sept-16;101.03;101.1;100.22;100.32
23-sept-16;100.73;101.24;100.65;100.98
22-sept-16;100.31;100.92;100.07;100.73
21-sept-16;101.7;102.78;100.28;100.29
20-sept-16;101.93;102.06;101.52;101.69
19-sept-16;102.21;102.41;101.56;101.92
16-sept-16;102.07;102.46;101.72;102.28
15-sept-16;102.41;102.74;101.92;102.09
14-sept-16;102.54;103.34;102.22;102.4
13-sept-16;101.85;102.74;101.4;102.53
12-sept-16;102.67;102.79;101.54;101.84
09-sept-16;102.47;103.05;101.95;102.68
08-sept-16;101.73;102.59;101.39;102.48
07-sept-16;102;102.12;101.18;101.71
06-sept-16;103.41;103.79;101.91;101.98
05-sept-16;103.94;104.12;103.12;103.42
02-sept-16;103.22;104.31;102.79;103.97
01-sept-16;103.41;104;103.03;103.23
31-Aug-2016;102.95;103.53;102.84;103.42
30-Aug-2016;101.9;103.13;101.73;102.95
29-Aug-2016;101.81;102.39;101.81;101.9
26-Aug-2016;100.51;101.93;100.06;101.82
25-Aug-2016;100.42;100.61;100.27;100.51
24-Aug-2016;100.23;100.61;100.07;100.43
23-Aug-2016;100.31;100.39;99.91;100.23
22-Aug-2016;100.41;100.93;100.19;100.32
19-Aug-2016;99.87;100.44;99.84;100.2
18-Aug-2016;100.26;100.48;99.62;99.87
17-Aug-2016;100.3;101.15;100.02;100.24
16-Aug-2016;101.24;101.28;99.53;100.28
15-Aug-2016;101.2;101.45;100.85;101.24
12-Aug-2016;101.93;102.27;100.82;101.29
11-Aug-2016;101.27;102.05;101;101.95
10-Aug-2016;101.87;101.95;100.94;101.27
09-Aug-2016;102.44;102.52;101.76;101.89
08-Aug-2016;101.71;102.65;101.71;102.43
05-Aug-2016;101.21;102.05;100.84;101.8
04-Aug-2016;101.23;101.66;100.84;101.2
03-Aug-2016;100.88;101.57;100.72;101.22
02-Aug-2016;102.38;102.81;100.65;100.88
01-Aug-2016;102.05;102.67;101.98;102.38
29-Jul-2016;105.24;105.33;101.94;102.05
28-Jul-2016;105.38;105.5;104.5;105.24
27-Jul-2016;104.64;106.53;104.6;105.39
26-Jul-2016;105.79;105.88;103.98;104.64
25-Jul-2016;106.19;106.71;105.71;105.76
22-Jul-2016;105.8;106.38;105.54;106.06
21-Jul-2016;106.84;107.47;105.41;105.8
20-Jul-2016;106.11;107.01;105.81;106.82
19-Jul-2016;106.14;106.52;105.62;106.11
18-Jul-2016;105.12;106.25;105.04;106.15
15-Jul-2016;105.33;106.3;104.62;104.83
14-Jul-2016;104.48;105.93;103.97;105.32
13-Jul-2016;104.67;104.88;103.89;104.48
12-Jul-2016;102.79;104.97;102.42;104.69
11-Jul-2016;100.43;102.89;100.42;102.79
08-Jul-2016;100.76;101.24;100.02;100.53
07-Jul-2016;101.31;101.4;100.57;100.75
06-Jul-2016;101.72;101.76;100.18;101.31
05-Jul-2016;102.55;102.58;101.43;101.7
04-Jul-2016;102.51;102.8;102.4;102.55
01-Jul-2016;103.25;103.39;102.4;102.51
30-Jun-2016;102.8;103.29;102.32;103.25
29-Jun-2016;102.75;102.94;102.15;102.81
28-Jun-2016;101.98;102.83;101.52;102.74
27-Jun-2016;102.09;102.46;101.37;101.99
24-Jun-2016;106.13;106.81;99.08;102.19
23-Jun-2016;104.39;106.16;104.09;106.13
22-Jun-2016;104.73;104.85;104.29;104.39
21-Jun-2016;103.93;105.05;103.57;104.73
20-Jun-2016;104.33;104.84;103.76;103.92
17-Jun-2016;104.25;104.82;104.07;104.1
16-Jun-2016;106;106.02;103.58;104.24
15-Jun-2016;106.1;106.38;105.46;106
14-Jun-2016;106.25;106.41;105.6;106.1
13-Jun-2016;106.9;106.91;105.72;106.23
10-Jun-2016;107.06;107.25;106.53;106.96
09-Jun-2016;106.96;107.17;106.24;107.08
08-Jun-2016;107.33;107.38;106.57;106.97
07-Jun-2016;107.55;107.89;107.14;107.33
06-Jun-2016;106.43;107.65;106.35;107.55
03-Jun-2016;108.86;109.13;106.48;106.51
02-Jun-2016;109.52;109.58;108.49;108.85
01-Jun-2016;110.68;110.81;109.03;109.52
31-May-2016;111.1;111.34;110.48;110.68
30-May-2016;110.4;111.43;110.29;111.11
27-May-2016;109.75;110.45;109.45;110.22
26-May-2016;110.17;110.23;109.38;109.75
25-May-2016;109.98;110.45;109.84;110.18
24-May-2016;109.22;110.11;109.14;109.98
23-May-2016;110.08;110.23;109.08;109.22
20-May-2016;109.95;110.58;109.83;110.14
19-May-2016;110.18;110.37;109.68;109.95
18-May-2016;109.12;110.25;108.7;110.18
17-May-2016;109.01;109.64;108.82;109.12
16-May-2016;108.55;109.09;108.43;109.01
13-May-2016;109;109.48;108.5;108.6
12-May-2016;108.41;109.39;108.21;109.01
11-May-2016;109.25;109.37;108.34;108.41
10-May-2016;108.33;109.34;108.24;109.25
09-May-2016;107.1;108.6;107;108.31
06-May-2016;107.25;107.41;106.43;107.1
05-May-2016;106.99;107.49;106.78;107.24
04-May-2016;106.6;107.45;106.23;107
03-May-2016;106.4;106.67;105.52;106.59
02-May-2016;106.27;106.81;106.14;106.4
29-Apr-2016;108.09;108.19;106.27;106.35
28-Apr-2016;111.47;111.88;107.84;108.08
27-Apr-2016;111.3;111.75;111;111.45
26-Apr-2016;111.19;111.47;110.64;111.3
25-Apr-2016;111.54;111.9;110.82;111.19
22-Apr-2016;109.45;111.81;109.24;111.78
21-Apr-2016;109.86;109.89;109.29;109.44
20-Apr-2016;109.19;109.88;108.74;109.83
19-Apr-2016;108.8;109.49;108.73;109.17
18-Apr-2016;108.22;108.98;107.81;108.81
15-Apr-2016;109.37;109.73;108.57;108.73
14-Apr-2016;109.33;109.54;108.88;109.37
13-Apr-2016;108.53;109.39;108.48;109.33
12-Apr-2016;107.93;108.78;107.84;108.53
11-Apr-2016;108.05;108.43;107.61;107.93
08-Apr-2016;108.2;109.09;108.01;108.03
07-Apr-2016;109.78;109.85;107.67;108.2
06-Apr-2016;110.32;110.62;109.31;109.78
05-Apr-2016;111.32;111.34;109.94;110.31
04-Apr-2016;111.68;111.79;111.06;111.31
01-Apr-2016;112.56;112.58;111.56;111.65
31-mars-16;112.39;112.65;112.08;112.56
30-mars-16;112.69;112.8;111.99;112.42
29-mars-16;113.42;113.8;112.58;112.68
28-mars-16;113.08;113.68;113.03;113.43
25-mars-16;112.91;113.3;112.73;113.04
24-mars-16;112.37;113;112.27;112.89
23-mars-16;112.36;112.9;112.12;112.35
22-mars-16;111.94;112.48;111.36;112.36
21-mars-16;111.43;111.97;111.2;111.93
18-mars-16;111.38;111.75;110.8;111.55
17-mars-16;112.53;112.95;110.65;111.37
16-mars-16;113.14;113.81;112.31;112.57
15-mars-16;113.81;113.92;112.61;113.17
14-mars-16;113.82;114;113.48;113.81
11-mars-16;113.18;113.91;112.76;113.8
10-mars-16;113.34;114.44;112.61;113.18
09-mars-16;112.62;113.45;112.2;113.31
08-mars-16;113.45;113.51;112.41;112.61
07-mars-16;113.78;114.06;113.2;113.43
04-mars-16;113.68;114.25;113.15;113.75
03-mars-16;113.48;114.27;113.28;113.67
02-mars-16;114;114.55;113.19;113.45
01-mars-16;112.67;114.18;112.14;113.98
29-Feb-2016;113.84;113.98;112.62;112.66
26-Feb-2016;112.98;113.99;112.54;113.99
25-Feb-2016;112.17;113.02;111.87;112.98
24-Feb-2016;112.09;112.26;111.04;112.17
23-Feb-2016;112.88;113.05;111.75;112.1
22-Feb-2016;112.61;113.38;112.34;112.91
19-Feb-2016;113.23;113.37;112.28;112.54
18-Feb-2016;114.09;114.31;113.11;113.23
17-Feb-2016;114.06;114.49;113.35;114.08
16-Feb-2016;114.57;114.87;113.57;114.06
15-Feb-2016;113.2;114.72;113.04;114.57
12-Feb-2016;112.4;113.52;111.72;113.2
11-Feb-2016;113.31;113.58;110.98;112.41
10-Feb-2016;115.12;115.25;113.12;113.32
09-Feb-2016;115.84;115.85;114.22;115.1
08-Feb-2016;116.88;117.52;115.17;115.84
05-Feb-2016;116.77;117.41;116.42;116.89
04-Feb-2016;117.88;118.23;116.5;116.74
03-Feb-2016;119.94;120.03;117.03;117.88
02-Feb-2016;120.98;121.04;119.82;119.94
01-Feb-2016;121.1;121.47;120.66;120.97
29-janv-16;118.8;121.68;118.48;121.03
28-janv-16;118.67;118.99;118.39;118.81
27-janv-16;118.41;119.06;118.01;118.66
26-janv-16;118.29;118.61;117.63;118.41
25-janv-16;118.5;118.85;118.16;118.28
22-janv-16;117.7;118.87;117.52;118.77
21-janv-16;116.92;117.81;116.45;117.68
20-janv-16;117.61;117.67;115.96;116.91
19-janv-16;117.31;118.11;117.23;117.62
18-janv-16;116.88;117.44;116.55;117.31
15-janv-16;118.02;118.26;116.49;117.05
14-janv-16;117.66;118.27;117.27;118.04
13-janv-16;117.64;118.37;117.61;117.66
12-janv-16;117.73;118.05;117.2;117.62
11-janv-16;117.43;118.02;116.68;117.75
08-janv-16;117.66;118.75;117.42;117.44
07-janv-16;118.46;118.75;117.3;117.66
06-janv-16;119.05;119.16;118.22;118.46
05-janv-16;119.41;119.7;118.77;119.05
04-janv-16;120.27;120.45;118.68;119.42
01-janv-16;120.27;120.3;120.27;120.3
31-Dec-2015;120.49;120.58;119.98;120.3
30-Dec-2015;120.46;120.65;120.32;120.49
29-Dec-2015;120.38;120.5;120.2;120.46
28-Dec-2015;120.22;120.63;120.15;120.38
25-Dec-2015;120.46;120.46;120.02;120.4
24-Dec-2015;120.9;120.98;120.22;120.42
23-Dec-2015;121.06;121.12;120.78;120.91
22-Dec-2015;121.16;121.3;120.7;121.05
21-Dec-2015;121.21;121.51;120.83;121.15
18-Dec-2015;122.55;123.58;121.04;121.2
17-Dec-2015;122.19;122.87;122.17;122.55
16-Dec-2015;121.65;122.41;121.41;122.2
15-Dec-2015;121.02;121.79;120.55;121.65
14-Dec-2015;120.96;121.35;120.32;121.02
11-Dec-2015;121.58;122.22;120.57;120.86
10-Dec-2015;121.45;121.87;121.23;121.58
09-Dec-2015;122.92;123.04;121.05;121.42
08-Dec-2015;123.36;123.39;122.69;122.9
07-Dec-2015;123.2;123.47;123.12;123.37
04-Dec-2015;122.57;123.36;122.44;123.16
03-Dec-2015;123.24;123.55;122.27;122.59
02-Dec-2015;122.87;123.66;122.8;123.24
01-Dec-2015;123.08;123.27;122.62;122.85
30-nov-15;122.79;123.34;122.66;123.08
27-nov-15;122.6;122.87;122.28;122.82
26-nov-15;122.68;122.73;122.47;122.6
25-nov-15;122.51;122.93;122.23;122.7
24-nov-15;122.83;122.95;122.29;122.51
23-nov-15;122.77;123.25;122.73;122.82
20-nov-15;122.85;123.05;122.7;122.89
19-nov-15;123.62;123.63;122.6;122.85
18-nov-15;123.43;123.67;123.19;123.61
17-nov-15;123.17;123.48;123.14;123.43
16-nov-15;122.32;123.27;122.2;123.15
13-nov-15;122.59;122.98;122.43;122.62
12-nov-15;122.85;123.07;122.53;122.59
11-nov-15;123.16;123.22;122.73;122.82
10-nov-15;123.17;123.43;123;123.12
09-nov-15;123.14;123.59;122.95;123.17
06-nov-15;121.74;123.26;121.6;123.13
05-nov-15;121.56;122;121.35;121.74
04-nov-15;121.06;121.71;120.98;121.53
03-nov-15;120.73;121.22;120.57;121.05
02-nov-15;120.63;120.81;120.24;120.75
30-oct-15;121.12;121.46;120.26;120.61
29-oct-15;121.08;121.18;120.56;121.12
28-oct-15;120.44;121.25;120.23;121.06
27-oct-15;121.1;121.1;120.14;120.45
26-oct-15;121.41;121.51;120.59;121.07
23-oct-15;120.69;121.48;120.21;121.45
22-oct-15;119.9;120.76;119.59;120.66
21-oct-15;119.83;120.09;119.73;119.93
20-oct-15;119.47;119.96;119.38;119.82
19-oct-15;119.47;119.56;119.12;119.48
16-oct-15;118.88;119.66;118.8;119.42
15-oct-15;118.81;119.16;118.04;118.87
14-oct-15;119.73;119.8;118.62;118.82
13-oct-15;120.04;120.07;119.53;119.73
12-oct-15;120.24;120.26;119.86;120.02
09-oct-15;119.93;120.35;119.82;120.25
08-oct-15;120;120.1;119.6;119.91
07-oct-15;120.2;120.35;119.72;120
06-oct-15;120.46;120.56;120.08;120.23
05-oct-15;119.97;120.55;119.85;120.45
02-oct-15;119.92;120.4;118.67;119.89
01-oct-15;119.85;120.28;119.48;119.92
30-sept-15;119.72;120.35;119.54;119.84
29-sept-15;119.91;120.15;119.22;119.71
28-sept-15;120.51;120.58;119.67;119.91
25-sept-15;120.06;121.23;119.99;120.55
24-sept-15;120.25;120.38;119.21;120.06
23-sept-15;120.12;120.54;119.61;120.28
22-sept-15;120.56;120.61;119.68;120.12
21-sept-15;119.79;120.65;119.71;120.53
18-sept-15;119.98;120.28;119.03;119.98
17-sept-15;120.54;120.99;119.77;119.98
16-sept-15;120.4;120.72;120.08;120.55
15-sept-15;120.23;120.65;119.38;120.42
14-sept-15;120.58;120.83;119.83;120.22
11-sept-15;120.6;120.96;120.34;120.55
10-sept-15;120.51;121.32;119.95;120.59
09-sept-15;119.81;121.19;119.78;120.48
08-sept-15;119.27;120.21;118.83;119.78
07-sept-15;118.65;119.58;118.65;119.27
04-sept-15;120.05;120.18;118.75;118.99
03-sept-15;120.32;120.69;119.62;120.06
02-sept-15;119.37;120.46;119.2;120.32
01-sept-15;121.2;121.27;119.26;119.36
31-Aug-2015;121.65;121.74;120.86;121.22
28-Aug-2015;121;121.72;120.63;121.7
27-Aug-2015;119.9;121.39;119.77;121.03
26-Aug-2015;118.84;120.01;118.43;119.9
25-Aug-2015;118.39;120.39;118.23;118.86
24-Aug-2015;121.68;122.01;116.46;118.39
21-Aug-2015;123.4;123.49;121.8;122.01
20-Aug-2015;123.78;124.15;123.31;123.38
19-Aug-2015;124.39;124.47;123.68;123.78
18-Aug-2015;124.37;124.51;124.16;124.39
17-Aug-2015;124.39;124.57;124.19;124.38
14-Aug-2015;124.4;124.54;124.02;124.3
13-Aug-2015;124.18;124.62;124.06;124.41
12-Aug-2015;125.1;125.28;123.77;124.2
11-Aug-2015;124.61;125.2;124.49;125.1
10-Aug-2015;124.13;124.78;124.12;124.61
07-Aug-2015;124.74;125.06;124.08;124.21
06-Aug-2015;124.85;124.96;124.52;124.73
05-Aug-2015;124.38;125.01;123.99;124.88
04-Aug-2015;124;124.4;123.77;124.38
03-Aug-2015;124;124.27;123.83;124.01
31-Jul-2015;124.15;124.37;123.5;123.92
30-Jul-2015;123.93;124.58;123.85;124.14
29-Jul-2015;123.56;124.01;123.3;123.92
28-Jul-2015;123.25;123.8;123.04;123.55
27-Jul-2015;123.71;123.83;122.98;123.22
24-Jul-2015;123.9;124.09;123.57;123.79
23-Jul-2015;123.94;124.18;123.65;123.89
22-Jul-2015;123.85;124.15;123.54;123.94
21-Jul-2015;124.26;124.48;123.73;123.87
20-Jul-2015;124.06;124.38;123.96;124.25
17-Jul-2015;124.15;124.23;123.89;124.07
16-Jul-2015;123.76;124.18;123.71;124.14
15-Jul-2015;123.36;123.97;123.23;123.76
14-Jul-2015;123.42;123.72;122.91;123.35
13-Jul-2015;122;123.53;122;123.42
10-Jul-2015;121.33;122.88;121.25;122.74
09-Jul-2015;120.71;121.57;120.44;121.33
08-Jul-2015;122.52;122.57;120.38;120.7
07-Jul-2015;122.56;122.88;121.98;122.53
06-Jul-2015;122.05;122.92;121.72;122.55
03-Jul-2015;123.03;123.19;122.57;122.8
02-Jul-2015;123.16;123.72;122.94;123.04
01-Jul-2015;122.46;123.23;122.33;123.15
30-Jun-2015;122.53;122.72;121.92;122.49
29-Jun-2015;122.7;123.19;122.1;122.53
26-Jun-2015;123.6;123.98;123.2;123.85
25-Jun-2015;123.84;123.95;123.3;123.6
24-Jun-2015;123.93;124.37;123.69;123.84
23-Jun-2015;123.35;124.18;123.32;123.94
22-Jun-2015;122.81;123.42;122.54;123.36
19-Jun-2015;122.95;123.22;122.53;122.65
18-Jun-2015;123.42;123.6;122.46;122.95
17-Jun-2015;123.34;124.43;123.19;123.41
16-Jun-2015;123.41;123.77;123.27;123.34
15-Jun-2015;123.34;123.66;123.1;123.41
12-Jun-2015;123.39;123.81;123.11;123.37
11-Jun-2015;122.67;124.12;122.6;123.39
10-Jun-2015;124.32;124.62;122.43;122.65
09-Jun-2015;124.46;124.73;123.84;124.32
08-Jun-2015;125.58;125.67;124.28;124.47
05-Jun-2015;124.35;125.85;124.32;125.61
04-Jun-2015;124.24;124.68;123.76;124.36
03-Jun-2015;124.11;124.68;123.77;124.24
02-Jun-2015;124.76;125.03;123.74;124.08
01-Jun-2015;124.1;124.91;123.85;124.76
29-May-2015;123.95;124.18;123.58;124.11
28-May-2015;123.61;124.46;123.47;123.94
27-May-2015;123.05;124.06;122.76;123.65
26-May-2015;121.55;123.32;121.48;123.08
25-May-2015;121.48;121.77;121.42;121.55
22-May-2015;121.02;121.56;120.61;121.53
21-May-2015;121.31;121.38;120.82;121.02
20-May-2015;120.68;121.47;120.56;121.34
19-May-2015;119.98;120.73;119.8;120.69
18-May-2015;119.25;120.03;119.22;119.98
15-May-2015;119.13;119.93;119.13;119.27
14-May-2015;119.15;119.34;118.86;119.13
13-May-2015;119.86;119.97;119.01;119.14
12-May-2015;120.07;120.27;119.76;119.85
11-May-2015;119.65;120.15;119.43;120.07
08-May-2015;119.72;120.23;119.58;119.79
07-May-2015;119.43;119.86;119.03;119.73
06-May-2015;119.84;120.04;119.18;119.43
05-May-2015;120.1;120.51;119.71;119.82
04-May-2015;120.15;120.27;119.97;120.1
01-May-2015;119.37;120.28;119.34;120.16
30-Apr-2015;118.98;119.89;118.47;119.34
29-Apr-2015;118.82;119.36;118.58;119.02
28-Apr-2015;119;119.2;118.75;118.84
27-Apr-2015;118.98;119.43;118.75;119.03
24-Apr-2015;119.58;119.66;118.8;118.97
23-Apr-2015;119.91;120.09;119.4;119.56
22-Apr-2015;119.65;119.96;119.32;119.9
21-Apr-2015;119.14;119.83;119.14;119.66
20-Apr-2015;118.8;119.43;118.51;119.18
17-Apr-2015;118.99;119.26;118.54;118.9
16-Apr-2015;119.15;119.47;118.77;118.99
15-Apr-2015;119.39;119.74;118.76;119.13
14-Apr-2015;120.1;120.17;119.04;119.36
13-Apr-2015;120.19;120.84;119.74;120.1
10-Apr-2015;120.59;120.62;120.03;120.21
09-Apr-2015;120.12;120.74;119.83;120.57
08-Apr-2015;120.24;120.34;119.62;120.12
07-Apr-2015;119.52;120.44;119.41;120.26
06-Apr-2015;118.93;119.67;118.77;119.52
03-Apr-2015;119.71;119.78;118.69;118.96
02-Apr-2015;119.76;119.89;119.42;119.7
01-Apr-2015;120.1;120.33;119.4;119.75
31-mars-15;120.06;120.36;119.76;120.12
30-mars-15;119.12;120.22;119.09;120.06
27-mars-15;119.18;119.5;118.91;119.1
26-mars-15;119.48;119.57;118.3;119.18
25-mars-15;119.75;119.83;119.22;119.48
24-mars-15;119.71;119.98;119.21;119.72
23-mars-15;120.05;120.17;119.57;119.73
20-mars-15;120.79;121.2;119.88;120.03
19-mars-15;120.09;121.03;119.66;120.78
18-mars-15;121.36;121.41;119.38;120.09
17-mars-15;121.32;121.52;121.09;121.35
16-mars-15;121.37;121.48;121.07;121.32
13-mars-15;121.27;121.57;121.11;121.38
12-mars-15;121.42;121.67;120.67;121.28
11-mars-15;121.11;121.62;120.85;121.44
10-mars-15;121.15;122.02;120.91;121.13
09-mars-15;120.8;121.41;120.58;121.15
06-mars-15;120.12;121.28;119.88;120.83
05-mars-15;119.65;120.39;119.6;120.13
04-mars-15;119.72;119.82;119.45;119.65
03-mars-15;120.12;120.26;119.35;119.72
02-mars-15;119.55;120.18;119.55;120.12
27-Feb-2015;119.41;119.79;119.09;119.51
26-Feb-2015;118.86;119.5;118.65;119.41
25-Feb-2015;118.96;119.06;118.59;118.84
24-Feb-2015;118.81;119.83;118.74;118.97
23-Feb-2015;119;119.35;118.71;118.81
20-Feb-2015;118.93;119.18;118.27;119.01
19-Feb-2015;118.78;119.18;118.45;118.94
18-Feb-2015;119.25;119.41;118.52;118.78
17-Feb-2015;118.46;119.41;118.21;119.22
16-Feb-2015;118.74;118.85;118.16;118.46
13-Feb-2015;119.1;119.19;118.4;118.72
12-Feb-2015;120.45;120.46;118.49;119.1
11-Feb-2015;119.41;120.48;119.26;120.45
10-Feb-2015;118.61;119.61;118.37;119.41
09-Feb-2015;119.16;119.19;118.31;118.63
06-Feb-2015;117.51;119.22;117.16;118.96
05-Feb-2015;117.24;117.59;116.99;117.51
04-Feb-2015;117.55;117.99;117.05;117.26
03-Feb-2015;117.6;117.74;116.86;117.55
02-Feb-2015;117.45;117.86;116.65;117.58
30-janv-15;118.29;118.45;117.28;117.44
29-janv-15;117.53;118.48;117.36;118.26
28-janv-15;117.85;118.25;117.25;117.53
27-janv-15;118.45;118.65;117.32;117.85
26-janv-15;117.76;118.5;117.25;118.45
23-janv-15;118.48;118.81;117.52;117.74
22-janv-15;117.93;118.66;117.24;118.48
21-janv-15;118.79;118.84;117.16;117.93
20-janv-15;117.55;118.87;117.53;118.79
19-janv-15;117.6;117.78;116.91;117.55
16-janv-15;116.15;117.75;115.82;117.61
15-janv-15;117.32;117.94;116.13;116.16
14-janv-15;117.93;117.96;116.05;117.32
13-janv-15;118.33;118.84;117.53;117.92
12-janv-15;118.5;119.31;118.08;118.32
09-janv-15;119.66;119.88;118.4;118.5
08-janv-15;119.23;119.96;119.13;119.65
07-janv-15;118.4;119.64;118.35;119.25
06-janv-15;119.61;119.63;118.04;118.39
05-janv-15;120.46;120.64;119.38;119.63
02-janv-15;119.78;120.74;119.71;120.49
01-janv-15;119.67;119.85;119.64;119.77
31-Dec-2014;119.46;119.93;119.22;119.68
30-Dec-2014;120.65;120.69;118.84;119.46
29-Dec-2014;120.37;120.73;120.14;120.65
26-Dec-2014;120.08;120.46;120.08;120.39
25-Dec-2014;120.49;120.5;119.98;120.08
24-Dec-2014;120.69;120.76;120.24;120.48
23-Dec-2014;120.05;120.82;119.98;120.67
22-Dec-2014;119.38;120.08;119.29;120.05
19-Dec-2014;118.83;119.62;118.8;119.49
18-Dec-2014;118.62;119.3;118.23;118.82
17-Dec-2014;116.39;118.89;116.29;118.64
16-Dec-2014;117.8;118.01;115.56;116.39
15-Dec-2014;119.05;119.05;117.54;117.8
12-Dec-2014;118.64;119.19;118.03;118.77
11-Dec-2014;117.78;119.55;117.43;118.65
10-Dec-2014;119.69;119.92;117.71;117.81
09-Dec-2014;120.69;120.99;117.93;119.69
08-Dec-2014;121.44;121.84;120.18;120.67
05-Dec-2014;119.75;121.68;119.67;121.41
04-Dec-2014;119.79;120.25;119.32;119.78
03-Dec-2014;119.2;119.86;119.09;119.77
02-Dec-2014;118.39;119.28;118.2;119.19
01-Dec-2014;118.68;119.13;117.86;118.39
28-nov-14;117.7;118.77;117.69;118.61
27-nov-14;117.72;117.88;117.22;117.68
26-nov-14;117.98;117.98;117.41;117.72
25-nov-14;118.25;118.57;117.67;117.97
24-nov-14;117.75;118.48;117.55;118.26
21-nov-14;118.18;118.37;117.33;117.8
20-nov-14;117.94;118.96;117.72;118.2
19-nov-14;116.86;118.05;116.81;117.97
18-nov-14;116.64;117.03;116.34;116.86
17-nov-14;116.36;117.04;115.44;116.64
14-nov-14;115.76;116.82;115.71;116.27
13-nov-14;115.47;115.87;115.3;115.73
12-nov-14;115.76;116;114.88;115.47
11-nov-14;114.85;116.09;114.61;115.77
10-nov-14;114.47;114.91;113.84;114.85
07-nov-14;115.2;115.46;114.23;114.53
06-nov-14;114.64;115.49;114.11;115.2
05-nov-14;113.58;114.84;113.39;114.63
04-nov-14;114.04;114.04;113.15;113.58
03-nov-14;112.46;114.2;112.41;114.03
31-oct-14;109.21;112.47;109.15;112.3
30-oct-14;108.87;109.46;108.73;109.2
29-oct-14;108.14;108.96;107.92;108.88
28-oct-14;107.81;108.18;107.68;108.14
27-oct-14;108.12;108.37;107.58;107.81
24-oct-14;108.26;108.31;107.77;108.14
23-oct-14;107.13;108.35;107.08;108.25
22-oct-14;107;107.38;106.75;107.14
21-oct-14;106.94;107.02;106.22;106.97
20-oct-14;106.96;107.39;106.76;106.94
17-oct-14;106.3;106.94;106.11;106.87
16-oct-14;105.9;106.46;105.49;106.32
15-oct-14;107.05;107.49;105.18;105.9
14-oct-14;106.82;107.31;106.65;107.04
13-oct-14;107.6;107.62;106.76;106.83
10-oct-14;107.83;108.15;107.6;107.65
09-oct-14;108.06;108.31;107.5;107.83
08-oct-14;108.03;108.73;107.74;108.08
07-oct-14;108.78;109.23;107.81;108.02
06-oct-14;109.75;109.85;108.64;108.78
03-oct-14;108.4;109.9;108.32;109.75
02-oct-14;108.88;109.12;107.99;108.41
01-oct-14;109.63;110.08;108.84;108.87
30-sept-14;109.48;109.84;109.16;109.64
29-sept-14;109.16;109.74;109.11;109.46
26-sept-14;108.75;109.52;108.45;109.27
25-sept-14;109.02;109.37;108.49;108.74
24-sept-14;108.88;109.15;108.43;109.01
23-sept-14;108.81;108.99;108.24;108.88
22-sept-14;109.04;109.19;108.64;108.84
19-sept-14;108.65;109.45;108.57;109.01
18-sept-14;108.37;108.96;108.29;108.69
17-sept-14;107.13;108.38;107.07;108.37
16-sept-14;107.16;107.33;106.79;107.12
15-sept-14;107.25;107.36;106.99;107.16
12-sept-14;107.1;107.39;106.94;107.32
11-sept-14;106.84;107.19;106.62;107.1
10-sept-14;106.17;106.88;106.01;106.82
09-sept-14;106.02;106.47;105.91;106.18
08-sept-14;105.07;106.08;104.9;106.02
05-sept-14;105.24;105.7;104.67;105.08
04-sept-14;104.78;105.36;104.74;105.26
03-sept-14;105.09;105.3;104.72;104.79
02-sept-14;104.35;105.2;104.27;105.07
01-sept-14;104.03;104.35;104.03;104.35
29-Aug-2014;103.71;104.11;103.62;104.05
28-Aug-2014;103.87;103.92;103.53;103.7
27-Aug-2014;104.07;104.16;103.75;103.85
26-Aug-2014;104.04;104.17;103.72;104.05
25-Aug-2014;104.4;104.43;103.84;104.03
22-Aug-2014;103.84;104.18;103.48;103.92
21-Aug-2014;103.75;103.96;103.58;103.82
20-Aug-2014;102.9;103.84;102.86;103.73
19-Aug-2014;102.56;102.93;102.5;102.89
18-Aug-2014;102.2;102.59;102.15;102.56
15-Aug-2014;102.43;102.71;102.12;102.34
14-Aug-2014;102.43;102.65;102.28;102.43
13-Aug-2014;102.25;102.54;102.2;102.41
12-Aug-2014;102.17;102.36;102.06;102.25
11-Aug-2014;102.05;102.22;101.99;102.18
08-Aug-2014;102.09;102.14;101.49;102.04
07-Aug-2014;102.09;102.46;101.97;102.09
06-Aug-2014;102.57;102.64;101.77;102.09
05-Aug-2014;102.56;102.92;102.43;102.59
04-Aug-2014;102.57;102.73;102.38;102.58
01-Aug-2014;102.78;103.02;102.32;102.61
31-Jul-2014;102.78;103;102.69;102.79
30-Jul-2014;102.12;103.08;102;102.78
